<anychart>
	<settings>
		<animation enabled="True"/>
	</settings>
  <charts>
    <chart plot_type="CategorizedVertical">
    	<chart_settings>
    		<title>
    			<text>财务收入报表</text>
    			<font render_as_html="true" />
    		</title>
    		<legend enabled="true">
<title enabled="false" />
<icon>
<marker enabled="true" type="%MarkerType" size="8" />
</icon>
        </legend>
    		<axes>
    			<x_axis tickmarks_placement="Center">
    				<title><text>月份</text></title>
    			</x_axis>
    			<y_axis>
    				<title><text>金额</text></title>
    			</y_axis>
    		</axes>
    		<footer enabled="true" text_align="Center">
    			<text><![CDATA[(注:点击右键可打印、生成图片、pdf文档等)]]></text>
    			<background enabled="False"/>
    			<font render_as_html="True" size="10"/>
    		</footer>
    	</chart_settings>
    	<data_plot_settings default_series_type="Line">
    		<line_series>
    			<tooltip_settings enabled="true">
<format>
{%SeriesName}{numDecimals:0}{%Name}{numDecimals:0}月份
收入:{%YValue}RMB
</format>
    			</tooltip_settings>
    		</line_series>
    	</data_plot_settings>
	    <data><series name="2012年"><point name="1" y="0"/><point name="2" y="0"/><point name="3" y="0"/><point name="4" y="0"/><point name="5" y="0"/><point name="6" y="0"/><point name="7" y="0"/><point name="8" y="1217416.79"/><point name="9" y="0"/><point name="10" y="0"/><point name="11" y="0"/><point name="12" y="0"/></series></data>
    </chart>
  </charts>
</anychart>
			
			